-- phpMyAdmin SQL Dump
-- version 5.0.2
-- https://www.phpmyadmin.net/
--
-- Host: localhost
-- Generation Time: Jun 20, 2020 at 10:32 AM
-- Server version: 10.4.11-MariaDB
-- PHP Version: 7.4.6

SET SQL_MODE = "NO_AUTO_VALUE_ON_ZERO";
START TRANSACTION;
SET time_zone = "+00:00";


/*!40101 SET @OLD_CHARACTER_SET_CLIENT=@@CHARACTER_SET_CLIENT */;
/*!40101 SET @OLD_CHARACTER_SET_RESULTS=@@CHARACTER_SET_RESULTS */;
/*!40101 SET @OLD_COLLATION_CONNECTION=@@COLLATION_CONNECTION */;
/*!40101 SET NAMES utf8mb4 */;

--
-- Database: `srms`
--

-- --------------------------------------------------------

--
-- Table structure for table `admin`
--

CREATE TABLE `admin` (
  `username` varchar(10) NOT NULL,
  `password` text NOT NULL
) ENGINE=InnoDB DEFAULT CHARSET=utf8mb4;

--
-- Dumping data for table `admin`
--

INSERT INTO `admin` (`username`, `password`) VALUES
('admin', 'admin');

-- --------------------------------------------------------

--
-- Table structure for table `first_year`
--

CREATE TABLE `first_year` (
  `roll_no` int(11) NOT NULL,
  `st_name` varchar(50) NOT NULL,
  `enrollment_no` varchar(20) DEFAULT NULL,
  `semester` int(11) NOT NULL DEFAULT 1,
  `sub1` int(11) NOT NULL DEFAULT 0,
  `sub2` int(11) NOT NULL DEFAULT 0,
  `sub3` int(11) NOT NULL DEFAULT 0,
  `sub4` int(11) NOT NULL DEFAULT 0,
  `sub5` int(11) NOT NULL DEFAULT 0,
  `sub6` int(11) NOT NULL DEFAULT 0,
  `date` datetime DEFAULT current_timestamp()
) ENGINE=InnoDB DEFAULT CHARSET=utf8mb4;

--
-- Dumping data for table `first_year`
--

INSERT INTO `first_year` (`roll_no`, `st_name`, `enrollment_no`, `semester`, `sub1`, `sub2`, `sub3`, `sub4`, `sub5`, `sub6`, `date`) VALUES
(1, '. STANLY MATHUKUTTY', 'E201821518901', 1, 48, 18, 58, 38, 22, 130, '2020-06-20 13:40:43'),
(2, 'ANKAM SNEHALATA SRINIVAS', 'E201821518902', 2, 68, 48, 70, 82, 52, 152, '2020-06-20 13:40:43'),
(3, 'ANURAGI SUNIL KAMLESH', 'E201821518903', 1, 88, 72, 76, 94, 76, 184, '2020-06-20 13:40:43'),
(4, 'BAYAS AJITSINGH RAMESHSINGH', 'E201821518904', 2, 0, 0, 0, 0, 0, 0, '2020-06-20 13:40:43'),
(5, 'BHAMARE YOGESHWARI HITENDRA', 'E201821518905', 1, 40, 8, 42, 60, 6, 152, '2020-06-20 13:40:43'),
(6, 'BHUYAN REEMA SANTOSH', 'E201821518906', 2, 54, 44, 74, 68, 26, 162, '2020-06-20 13:40:43'),
(7, 'BIND KISHAN ABHAY NATH', 'E201821518907', 1, 38, 20, 34, 22, 14, 130, '2020-06-20 13:40:43'),
(8, 'CHAUHAN GAURAV JAYRAM', 'E201821518908', 2, 0, 0, 0, 0, 0, 0, '2020-06-20 13:40:43'),
(9, 'CHAUHAN VAIDANT SINGH OM SINGH', 'E201821518909', 1, 44, 10, 48, 30, 2, 150, '2020-06-20 13:40:43'),
(10, 'Choudhary NASEEM ATIQURRAHMAN', 'E201821518910', 2, 0, 0, 0, 0, 0, 0, '2020-06-20 13:40:43'),
(11, 'DIXIT AISHWARYA PRAKASHBHAI', 'E201821518911', 1, 72, 44, 78, 84, 36, 160, '2020-06-20 13:40:43'),
(12, 'DORA E. JAGADISH NALURAM', 'E201821518912', 2, 36, 0, 14, 0, 2, 136, '2020-06-20 13:40:43'),
(13, 'DUBEY AYUSH MITHILESH', 'E201821518913', 1, 62, 58, 76, 72, 42, 164, '2020-06-20 13:40:43'),
(14, 'GOSWAMI JAYA VINOD', 'E201821518914', 2, 70, 18, 70, 56, 44, 158, '2020-06-20 13:40:43'),
(15, 'GUPTA SHUBHAM SUBHASHCHANDRA', 'E201821518915', 1, 74, 38, 74, 70, 26, 184, '2020-06-20 13:40:43'),
(16, 'GUPTA SURAJ JWALAPRASAD', 'E201821518916', 2, 0, 0, 0, 0, 0, 0, '2020-06-20 13:40:43'),
(17, 'GUPTA VINAY ARVIND', 'E201821518917', 1, 52, 12, 34, 20, 20, 142, '2020-06-20 13:40:43'),
(18, 'HARIJAN SHRUTI LALMUNI', 'E201821518918', 2, 70, 24, 54, 48, 28, 140, '2020-06-20 13:40:43'),
(19, 'JAGTAP SANDIP NARAYAN', 'E201821518919', 1, 40, 16, 44, 38, 20, 158, '2020-06-20 13:40:43'),
(20, 'JAISWAL CHANCHAL PRAMOD KUMAR', 'E201821518920', 2, 50, 18, 58, 48, 22, 132, '2020-06-20 13:40:43'),
(21, 'JENA PINTU DHOBA', 'E201821518921', 1, 72, 34, 86, 50, 44, 152, '2020-06-20 13:40:43'),
(22, 'JOGI MANSI ANILBHAI', 'E201821518922', 2, 58, 44, 74, 54, 36, 140, '2020-06-20 13:40:43'),
(23, 'KALAL RAKESH BANSILAL', 'E201821518923', 1, 0, 0, 0, 0, 0, 0, '2020-06-20 13:40:44'),
(24, 'KALOUJIYA SACHIN RAMBADAN', 'E201821518924', 2, 70, 36, 70, 82, 44, 180, '2020-06-20 13:40:44'),
(25, 'KATIYARE HARSHADA KARTIKBHAI', 'E201821518925', 1, 0, 0, 0, 0, 0, 0, '2020-06-20 13:40:44'),
(26, 'KATYARE VIBHUTI PRASHANT', 'E201821518926', 2, 0, 0, 0, 0, 0, 0, '2020-06-20 13:40:44'),
(27, 'KHAIRNAR MAHESH RAMCHANDRA', 'E201821518927', 1, 54, 44, 70, 66, 58, 168, '2020-06-20 13:40:44'),
(28, 'KHATIK NITESH DEVNARAYAN', 'E201821518928', 2, 72, 16, 66, 78, 50, 180, '2020-06-20 13:40:44'),
(29, 'KHEDKAR DIVYA RAMAN', 'E201821518929', 1, 78, 66, 74, 84, 56, 176, '2020-06-20 13:40:44'),
(30, 'KHUNT PIYUSH MAHESHBHAI', 'E201821518930', 2, 50, 20, 36, 14, 22, 160, '2020-06-20 13:40:44'),
(31, 'KUSHWAHA JAYMANTI SUNILKUMAR', 'E201821518931', 1, 92, 82, 76, 96, 74, 180, '2020-06-20 13:40:44'),
(32, 'KUSHWAHA NIKHILBABU DIWARILAL', 'E201821518932', 2, 0, 0, 0, 0, 0, 80, '2020-06-20 13:40:44'),
(33, 'MANDVIWALA MIHIR SHAILESHKUMAR', 'E201821518933', 1, 64, 48, 56, 60, 32, 192, '2020-06-20 13:40:44'),
(34, 'MANSURI AMAN ALTAF', 'E201821518934', 2, 88, 44, 76, 78, 54, 178, '2020-06-20 13:40:44'),
(35, 'MAURYA ANKITKUMAR DINESHKUMAR', 'E201821518935', 1, 54, 6, 42, 40, 22, 154, '2020-06-20 13:40:44'),
(36, 'MAURYA LAVKUSH RAMAYAN', 'E201821518936', 2, 60, 26, 42, 44, 20, 138, '2020-06-20 13:40:44'),
(37, 'MAURYA POOJA SUNIL', 'E201821518937', 1, 88, 52, 78, 78, 68, 180, '2020-06-20 13:40:44'),
(38, 'MAURYA RAHULKUMAR AVADHLAL', 'E201821518938', 2, 76, 26, 64, 70, 36, 168, '2020-06-20 13:40:44'),
(39, 'MAURYA RAJKUMAR DAYARAM', 'E201821518939', 1, 74, 24, 62, 56, 24, 144, '2020-06-20 13:40:44'),
(40, 'MAURYA SADHANA RAM ASARE', 'E201821518940', 2, 44, 32, 72, 60, 30, 156, '2020-06-20 13:40:44'),
(41, 'MISHRA ARUN ISHWARSHARAN', 'E201821518941', 1, 36, 8, 50, 42, 18, 144, '2020-06-20 13:40:44'),
(42, 'MISHRA BRIJENDRA PRAVEEN', 'E201821518942', 2, 74, 36, 82, 78, 44, 180, '2020-06-20 13:40:44'),
(43, 'MISHRA JAGRITI JITENDRA', 'E201821518943', 1, 66, 38, 72, 68, 40, 170, '2020-06-20 13:40:44'),
(44, 'MISHRA MAYANK MANOJ', 'E201821518944', 2, 40, 12, 42, 20, 18, 144, '2020-06-20 13:40:44'),
(45, 'MISHRA NEERAJ RAKESH', 'E201821518945', 1, 82, 36, 76, 80, 56, 164, '2020-06-20 13:40:44'),
(46, 'MISHRA RISHABH DURGESH', 'E201821518946', 2, 36, 22, 52, 46, 26, 144, '2020-06-20 13:40:44'),
(47, 'MISHRA SAURABH SURESH', 'E201821518947', 1, 56, 12, 38, 36, 18, 140, '2020-06-20 13:40:44'),
(48, 'NADGE VIPUL BHASKAR', 'E201821518948', 2, 42, 32, 78, 58, 52, 176, '2020-06-20 13:40:44'),
(49, 'NAYAK AJAY RAMCHANDRA', 'E201821518949', 1, 76, 40, 60, 56, 34, 134, '2020-06-20 13:40:44'),
(50, 'NAYI JAY SANJAY', 'E201821518950', 2, 52, 18, 54, 28, 20, 150, '2020-06-20 13:40:44'),
(51, 'NIKUM PRIYANKA SANJAY', 'E201821518951', 1, 0, 0, 0, 0, 0, 0, '2020-06-20 13:40:45'),
(52, 'NILE YOGESH DATTU', 'E201821518952', 2, 52, 16, 72, 80, 34, 188, '2020-06-20 13:40:45'),
(53, 'PAL RAVIKUMAR DEVENDRA', 'E201821518953', 1, 36, 10, 44, 26, 18, 162, '2020-06-20 13:40:45'),
(54, 'PAL ROBIN RAMCHANDRA', 'E201821518954', 2, 36, 4, 42, 6, 14, 146, '2020-06-20 13:40:45'),
(55, 'PANDA BALRAM PANCHANAN', 'E201821518955', 1, 56, 34, 68, 70, 32, 156, '2020-06-20 13:40:45'),
(56, 'PANDE SANDESH SUBHASH', 'E201821518956', 2, 36, 12, 44, 0, 22, 144, '2020-06-20 13:40:45'),
(57, 'PANDEY DEVENDRA SHESHNATH', 'E201821518957', 1, 42, 30, 72, 38, 8, 142, '2020-06-20 13:40:45'),
(58, 'PARATE RUPALI PRAKASHBHAI', 'E201821518958', 2, 72, 36, 62, 66, 20, 156, '2020-06-20 13:40:45'),
(59, 'PARIHAR DIKESH GANPAT LAL', 'E201821518959', 1, 42, 20, 44, 34, 14, 156, '2020-06-20 13:40:45'),
(60, 'PARJAPATI ZALARAM LAKHABHAI', 'E201821518960', 2, 52, 26, 70, 36, 14, 166, '2020-06-20 13:40:45'),
(61, 'PATEL ABHISHEK AVADHESH', 'E201821518961', 1, 46, 30, 58, 80, 46, 154, '2020-06-20 13:40:45'),
(62, 'PATEL CHIRAG HITESHKUMAR', 'E201821518962', 2, 72, 40, 72, 76, 44, 186, '2020-06-20 13:40:45'),
(63, 'PATEL HETAL TARUNBHAI', 'E201821518963', 1, 52, 36, 64, 54, 30, 142, '2020-06-20 13:40:45'),
(64, 'PATEL NIRAJ CHANDRESH', 'E201821518964', 2, 44, 6, 22, 26, 20, 134, '2020-06-20 13:40:45'),
(65, 'PATEL SHIVAM RAJESHBHAI', 'E201821518965', 1, 40, 2, 22, 6, 14, 160, '2020-06-20 13:40:45'),
(66, 'PATHAK ASHISHKUMAR SANTOSH', 'E201821518966', 2, 56, 22, 56, 68, 34, 172, '2020-06-20 13:40:45'),
(67, 'PATHAK PRASHANT OMPRAKASH', 'E201821518967', 1, 40, 22, 46, 68, 26, 148, '2020-06-20 13:40:45'),
(68, 'PATIL AKSHADA SANJAY', 'E201821518968', 2, 50, 30, 72, 68, 26, 162, '2020-06-20 13:40:45'),
(69, 'PATIL BHAVESH SUNDARLAL', 'E201821518969', 1, 56, 34, 76, 58, 32, 178, '2020-06-20 13:40:45'),
(70, 'PATIL CHIRAG ROHIDAS', 'E201821518970', 2, 90, 42, 82, 90, 54, 188, '2020-06-20 13:40:45'),
(71, 'PATIL RAHUL SANJAY', 'E201821518971', 1, 66, 18, 62, 46, 36, 160, '2020-06-20 13:40:45'),
(72, 'PATIL SAGAR RAVINDRA', 'E201821518972', 2, 54, 20, 38, 48, 14, 142, '2020-06-20 13:40:45'),
(73, 'PATOLIYA AVIRAT NATVARLAL', 'E201821518973', 1, 60, 20, 66, 42, 28, 178, '2020-06-20 13:40:45'),
(74, 'PATRA LALA PRADEEP', 'E201821518974', 2, 38, 20, 46, 36, 14, 150, '2020-06-20 13:40:45'),
(75, 'PAWAR PRADIP BAPU', 'E201821518975', 1, 74, 46, 88, 82, 60, 198, '2020-06-20 13:40:45'),
(76, 'PAWAR PRIYANKA BABUBHAI', 'E201821518976', 2, 50, 26, 56, 40, 34, 174, '2020-06-20 13:40:45'),
(77, 'PINJARA ASHIF ARIFBHAI', 'E201821518977', 1, 54, 38, 72, 42, 16, 148, '2020-06-20 13:40:45'),
(78, 'PINJARI HANIF IMAM', 'E201821518978', 2, 58, 20, 50, 54, 32, 146, '2020-06-20 13:40:45'),
(79, 'PRAJAPATI RAVINDRA RAM KUNWAR', 'E201821518979', 1, 28, 20, 30, 22, 6, 150, '2020-06-20 13:40:45'),
(80, 'PRUSTY ALIPA DEBARAJ', 'E201821518980', 2, 64, 54, 78, 74, 36, 170, '2020-06-20 13:40:45'),
(81, 'PURAWALA YASHARMEHDI HAJINISHAR', 'E201821518981', 1, 60, 38, 66, 68, 38, 184, '2020-06-20 13:40:45'),
(82, 'PUVAR RAJDEEP AJITSINH', 'E201821518982', 2, 36, 2, 26, 22, 8, 130, '2020-06-20 13:40:45'),
(83, 'RAJPOOT DURGA SOHANSINGH', 'E201821518983', 1, 70, 38, 52, 72, 30, 152, '2020-06-20 13:40:45'),
(84, 'RAJPUT AMAN TRIPURARI', 'E201821518984', 2, 52, 26, 78, 26, 14, 194, '2020-06-20 13:40:45'),
(85, 'RAJPUT RAHUL DHIRENDRA', 'E201821518985', 1, 50, 18, 68, 40, 28, 172, '2020-06-20 13:40:46'),
(86, 'RATHAUR HEMANTKUMAR BALVEER', 'E201821518986', 2, 54, 34, 82, 82, 12, 156, '2020-06-20 13:40:46'),
(87, 'RAY ROHIT VIJAY', 'E201821518987', 1, 58, 28, 72, 70, 36, 162, '2020-06-20 13:40:46'),
(88, 'SALVI RADHIKA RAMESHBHAI', 'E201821518988', 2, 66, 36, 68, 82, 32, 170, '2020-06-20 13:40:46'),
(89, 'SAVALIYA DIPALI PARESHBHAI', 'E201821518989', 1, 58, 50, 54, 68, 42, 158, '2020-06-20 13:40:46'),
(90, 'SAVITA PRATIBHA DHANANJAY', 'E201821518990', 2, 40, 8, 62, 36, 42, 150, '2020-06-20 13:40:46'),
(91, 'SHAH SAGAR JITENDRA', 'E201821518991', 1, 90, 38, 78, 48, 56, 182, '2020-06-20 13:40:46'),
(92, 'SHAHADE PRIYA RAJESH', 'E201821518992', 2, 0, 0, 0, 0, 0, 0, '2020-06-20 13:40:46'),
(93, 'SHAIKH FAIZANE NOOR IKRAMUL HAQUE', 'E201821518993', 1, 36, 10, 52, 34, 8, 164, '2020-06-20 13:40:46'),
(94, 'SHAIKH SOHEB GULAM', 'E201821518994', 2, 48, 18, 34, 22, 8, 144, '2020-06-20 13:40:46'),
(95, 'SHARMA AADITYA AJAYBHAI', 'E201821518995', 1, 52, 30, 62, 30, 6, 174, '2020-06-20 13:40:46'),
(96, 'SHEKH IRFAN SHAUKAT ALI', 'E201821518996', 2, 0, 0, 0, 0, 0, 0, '2020-06-20 13:40:46'),
(97, 'SHIMPI ANJALI RAMESH', 'E201821518997', 1, 64, 18, 60, 56, 32, 164, '2020-06-20 13:40:46'),
(98, 'SHUKLA DHANANJAY OMPRAKASH', 'E201821518998', 2, 40, 28, 68, 64, 44, 182, '2020-06-20 13:40:46'),
(99, 'SINGH ABHISHEKKUMAR RAMBHUWAN', 'E201821518999', 1, 46, 36, 60, 60, 20, 156, '2020-06-20 13:40:46'),
(100, 'SINGH DEEPAK ARJUN', 'E201821519000', 2, 0, 0, 0, 0, 0, 0, '2020-06-20 13:40:46'),
(101, 'SINGH KUNALKUMAR SHREE SATYENDRA', 'E201821519001', 1, 36, 8, 38, 36, 8, 144, '2020-06-20 13:40:46'),
(102, 'SINGH SHRADDHA SHREE MAHENDRAPRATAP', 'E201821519002', 2, 64, 40, 68, 60, 36, 156, '2020-06-20 13:40:46'),
(103, 'SINGH SHUBHAM KUMAR RAJESH KUMAR', 'E201821519003', 1, 56, 20, 60, 40, 28, 146, '2020-06-20 13:40:46'),
(104, 'SOMANI DHIRAJ SURESH', 'E201821519004', 2, 66, 20, 80, 80, 46, 182, '2020-06-20 13:40:46'),
(105, 'SONAWANE TEJAL RAVINDRA', 'E201821519005', 1, 48, 34, 52, 46, 14, 150, '2020-06-20 13:40:46'),
(106, 'SONAWANE TUSHAR SANJAYBHAI', 'E201821519006', 2, 44, 0, 48, 20, 12, 144, '2020-06-20 13:40:46'),
(107, 'SURYAWANSHI MITALEE ARUNBHAI', 'E201821519007', 1, 56, 62, 68, 78, 36, 182, '2020-06-20 13:40:46'),
(108, 'SUTHAR NARAYAN KESHAV', 'E201821519008', 2, 38, 14, 48, 58, 30, 172, '2020-06-20 13:40:46'),
(109, 'SWAIN BIBHUTI GOBINDA', 'E201821519009', 1, 84, 70, 82, 90, 60, 198, '2020-06-20 13:40:46'),
(110, 'THAKUR VIVEK JOGANAND', 'E201821519010', 2, 66, 44, 76, 72, 24, 166, '2020-06-20 13:40:46'),
(111, 'THUMAR DISHA BHARATKUMAR', 'E201821519011', 1, 44, 40, 58, 42, 26, 160, '2020-06-20 13:40:46'),
(112, 'TIWARI ADARSH UMASHANKAR', 'E201821519012', 2, 0, 0, 0, 0, 0, 0, '2020-06-20 13:40:46'),
(113, 'UPADHYAY GAURAV RAJKUMAR', 'E201821519013', 1, 44, 6, 40, 40, 6, 142, '2020-06-20 13:40:46'),
(114, 'UPADHYAY RAJANIKANT KUMAR BALIRAM', 'E201821519014', 2, 50, 18, 54, 80, 54, 172, '2020-06-20 13:40:46'),
(115, 'UPADHYAY RATNESH AJAY', 'E201821519015', 1, 70, 36, 74, 68, 62, 164, '2020-06-20 13:40:46'),
(116, 'VAGHELA MINESH RANJITBHAI', 'E201821519016', 2, 50, 22, 52, 0, 32, 144, '2020-06-20 13:40:46'),
(117, 'VARADE GNANESHWAR DIPAKBHAI', 'E201821519017', 1, 66, 36, 72, 44, 24, 146, '2020-06-20 13:40:46'),
(118, 'VISHWAKARMA AKASH DHARAMDEV', 'E201821519018', 2, 46, 26, 64, 70, 18, 180, '2020-06-20 13:40:46'),
(119, 'VISHWAKARMA SARASWATI SHREE HARIOM', 'E201821519019', 1, 42, 26, 50, 42, 22, 162, '2020-06-20 13:40:47'),
(120, 'VISHWAKARMA SHAILESH RAMKRUPAL', 'E201821519020', 2, 44, 16, 48, 16, 4, 162, '2020-06-20 13:40:47'),
(121, 'YADAV AJAY JUNGILAL', 'E201821519021', 1, 54, 20, 58, 42, 26, 150, '2020-06-20 13:40:47'),
(122, 'YADAV SATEESH RMA SHANKAR', 'E201821519022', 2, 26, 0, 36, 22, 4, 138, '2020-06-20 13:40:47'),
(123, 'DALWADI RAJ', 'E201821519023', 1, 16, 18, 38, 22, 12, 136, '2020-06-20 13:40:47'),
(124, 'CHAUDHARI SAURABH SANJAYBHAI', 'E201821519024', 2, 40, 18, 42, 30, 22, 148, '2020-06-20 13:40:47'),
(125, 'NAYAK YAGYANSENI', 'E201821519025', 1, 0, 0, 0, 0, 0, 0, '2020-06-20 13:40:47'),
(126, 'GUPTA LAXMI HARIDAYRAM', 'E201821519026', 2, 0, 0, 0, 0, 0, 0, '2020-06-20 13:40:47'),
(127, 'NAIR VARUN BALAKRISHNAN', 'E201821519027', 1, 66, 12, 32, 0, 0, 140, '2020-06-20 13:40:47');

-- --------------------------------------------------------

--
-- Table structure for table `second_year`
--

CREATE TABLE `second_year` (
  `roll_no` int(11) NOT NULL,
  `st_name` varchar(50) NOT NULL,
  `enrollment_no` varchar(20) DEFAULT NULL,
  `semester` int(11) NOT NULL DEFAULT 3,
  `sub1` int(11) NOT NULL DEFAULT 0,
  `sub2` int(11) NOT NULL DEFAULT 0,
  `sub3` int(11) NOT NULL DEFAULT 0,
  `sub4` int(11) NOT NULL DEFAULT 0,
  `sub5` int(11) NOT NULL DEFAULT 0,
  `sub6` int(11) NOT NULL DEFAULT 0,
  `date` datetime DEFAULT current_timestamp()
) ENGINE=InnoDB DEFAULT CHARSET=utf8mb4;

--
-- Dumping data for table `second_year`
--

INSERT INTO `second_year` (`roll_no`, `st_name`, `enrollment_no`, `semester`, `sub1`, `sub2`, `sub3`, `sub4`, `sub5`, `sub6`, `date`) VALUES
(1, '. STANLY MATHUKUTTY', 'E201821518901', 3, 48, 18, 58, 38, 22, 130, '2020-06-20 13:56:09'),
(2, 'ANKAM SNEHALATA SRINIVAS', 'E201821518902', 4, 68, 48, 70, 82, 52, 152, '2020-06-20 13:56:10'),
(3, 'ANURAGI SUNIL KAMLESH', 'E201821518903', 3, 88, 72, 76, 94, 76, 184, '2020-06-20 13:56:10'),
(4, 'BAYAS AJITSINGH RAMESHSINGH', 'E201821518904', 4, 0, 0, 0, 0, 0, 0, '2020-06-20 13:56:10'),
(5, 'BHAMARE YOGESHWARI HITENDRA', 'E201821518905', 3, 40, 8, 42, 60, 6, 152, '2020-06-20 13:56:10'),
(6, 'BHUYAN REEMA SANTOSH', 'E201821518906', 4, 54, 44, 74, 68, 26, 162, '2020-06-20 13:56:10'),
(7, 'BIND KISHAN ABHAY NATH', 'E201821518907', 3, 38, 20, 34, 22, 14, 130, '2020-06-20 13:56:10'),
(8, 'CHAUHAN GAURAV JAYRAM', 'E201821518908', 4, 0, 0, 0, 0, 0, 0, '2020-06-20 13:56:10'),
(9, 'CHAUHAN VAIDANT SINGH OM SINGH', 'E201821518909', 3, 44, 10, 48, 30, 2, 150, '2020-06-20 13:56:10'),
(10, 'Choudhary NASEEM ATIQURRAHMAN', 'E201821518910', 4, 0, 0, 0, 0, 0, 0, '2020-06-20 13:56:10'),
(11, 'DIXIT AISHWARYA PRAKASHBHAI', 'E201821518911', 3, 72, 44, 78, 84, 36, 160, '2020-06-20 13:56:10'),
(12, 'DORA E. JAGADISH NALURAM', 'E201821518912', 3, 36, 0, 14, 0, 2, 136, '2020-06-20 13:56:10'),
(13, 'DUBEY AYUSH MITHILESH', 'E201821518913', 3, 62, 58, 76, 72, 42, 164, '2020-06-20 13:56:10'),
(14, 'GOSWAMI JAYA VINOD', 'E201821518914', 3, 70, 18, 70, 56, 44, 158, '2020-06-20 13:56:10'),
(15, 'GUPTA SHUBHAM SUBHASHCHANDRA', 'E201821518915', 3, 74, 38, 74, 70, 26, 184, '2020-06-20 13:56:10'),
(16, 'GUPTA SURAJ JWALAPRASAD', 'E201821518916', 3, 0, 0, 0, 0, 0, 0, '2020-06-20 13:56:10'),
(17, 'GUPTA VINAY ARVIND', 'E201821518917', 3, 52, 12, 34, 20, 20, 142, '2020-06-20 13:56:10'),
(18, 'HARIJAN SHRUTI LALMUNI', 'E201821518918', 3, 70, 24, 54, 48, 28, 140, '2020-06-20 13:56:10'),
(19, 'JAGTAP SANDIP NARAYAN', 'E201821518919', 4, 40, 16, 44, 38, 20, 158, '2020-06-20 13:56:10'),
(20, 'JAISWAL CHANCHAL PRAMOD KUMAR', 'E201821518920', 4, 50, 18, 58, 48, 22, 132, '2020-06-20 13:56:10'),
(21, 'JENA PINTU DHOBA', 'E201821518921', 4, 72, 34, 86, 50, 44, 152, '2020-06-20 13:56:10'),
(22, 'JOGI MANSI ANILBHAI', 'E201821518922', 4, 58, 44, 74, 54, 36, 140, '2020-06-20 13:56:10'),
(23, 'KALAL RAKESH BANSILAL', 'E201821518923', 4, 0, 0, 0, 0, 0, 0, '2020-06-20 13:56:10'),
(24, 'KALOUJIYA SACHIN RAMBADAN', 'E201821518924', 4, 70, 36, 70, 82, 44, 180, '2020-06-20 13:56:10'),
(25, 'KATIYARE HARSHADA KARTIKBHAI', 'E201821518925', 4, 0, 0, 0, 0, 0, 0, '2020-06-20 13:56:10'),
(26, 'KATYARE VIBHUTI PRASHANT', 'E201821518926', 4, 0, 0, 0, 0, 0, 0, '2020-06-20 13:56:10'),
(27, 'KHAIRNAR MAHESH RAMCHANDRA', 'E201821518927', 3, 54, 44, 70, 66, 58, 168, '2020-06-20 13:56:10'),
(28, 'KHATIK NITESH DEVNARAYAN', 'E201821518928', 3, 72, 16, 66, 78, 50, 180, '2020-06-20 13:56:10'),
(29, 'KHEDKAR DIVYA RAMAN', 'E201821518929', 3, 78, 66, 74, 84, 56, 176, '2020-06-20 13:56:10'),
(30, 'KHUNT PIYUSH MAHESHBHAI', 'E201821518930', 3, 50, 20, 36, 14, 22, 160, '2020-06-20 13:56:10'),
(31, 'KUSHWAHA JAYMANTI SUNILKUMAR', 'E201821518931', 3, 92, 82, 76, 96, 74, 180, '2020-06-20 13:56:10'),
(32, 'KUSHWAHA NIKHILBABU DIWARILAL', 'E201821518932', 3, 0, 0, 0, 0, 0, 80, '2020-06-20 13:56:10'),
(33, 'MANDVIWALA MIHIR SHAILESHKUMAR', 'E201821518933', 3, 64, 48, 56, 60, 32, 192, '2020-06-20 13:56:11'),
(34, 'MANSURI AMAN ALTAF', 'E201821518934', 3, 88, 44, 76, 78, 54, 178, '2020-06-20 13:56:11'),
(35, 'MAURYA ANKITKUMAR DINESHKUMAR', 'E201821518935', 3, 54, 6, 42, 40, 22, 154, '2020-06-20 13:56:11'),
(36, 'MAURYA LAVKUSH RAMAYAN', 'E201821518936', 3, 60, 26, 42, 44, 20, 138, '2020-06-20 13:56:11'),
(37, 'MAURYA POOJA SUNIL', 'E201821518937', 4, 88, 52, 78, 78, 68, 180, '2020-06-20 13:56:11'),
(38, 'MAURYA RAHULKUMAR AVADHLAL', 'E201821518938', 4, 76, 26, 64, 70, 36, 168, '2020-06-20 13:56:11'),
(39, 'MAURYA RAJKUMAR DAYARAM', 'E201821518939', 4, 74, 24, 62, 56, 24, 144, '2020-06-20 13:56:11'),
(40, 'MAURYA SADHANA RAM ASARE', 'E201821518940', 4, 44, 32, 72, 60, 30, 156, '2020-06-20 13:56:11'),
(41, 'MISHRA ARUN ISHWARSHARAN', 'E201821518941', 4, 36, 8, 50, 42, 18, 144, '2020-06-20 13:56:11'),
(42, 'MISHRA BRIJENDRA PRAVEEN', 'E201821518942', 4, 74, 36, 82, 78, 44, 180, '2020-06-20 13:56:11'),
(43, 'MISHRA JAGRITI JITENDRA', 'E201821518943', 4, 66, 38, 72, 68, 40, 170, '2020-06-20 13:56:11'),
(44, 'MISHRA MAYANK MANOJ', 'E201821518944', 4, 40, 12, 42, 20, 18, 144, '2020-06-20 13:56:11'),
(45, 'MISHRA NEERAJ RAKESH', 'E201821518945', 4, 82, 36, 76, 80, 56, 164, '2020-06-20 13:56:11'),
(46, 'MISHRA RISHABH DURGESH', 'E201821518946', 4, 36, 22, 52, 46, 26, 144, '2020-06-20 13:56:11'),
(47, 'MISHRA SAURABH SURESH', 'E201821518947', 4, 56, 12, 38, 36, 18, 140, '2020-06-20 13:56:11'),
(48, 'NADGE VIPUL BHASKAR', 'E201821518948', 3, 42, 32, 78, 58, 52, 176, '2020-06-20 13:56:11'),
(49, 'NAYAK AJAY RAMCHANDRA', 'E201821518949', 3, 76, 40, 60, 56, 34, 134, '2020-06-20 13:56:11'),
(50, 'NAYI JAY SANJAY', 'E201821518950', 3, 52, 18, 54, 28, 20, 150, '2020-06-20 13:56:11'),
(51, 'NIKUM PRIYANKA SANJAY', 'E201821518951', 3, 0, 0, 0, 0, 0, 0, '2020-06-20 13:56:11'),
(52, 'NILE YOGESH DATTU', 'E201821518952', 3, 52, 16, 72, 80, 34, 188, '2020-06-20 13:56:11'),
(53, 'PAL RAVIKUMAR DEVENDRA', 'E201821518953', 3, 36, 10, 44, 26, 18, 162, '2020-06-20 13:56:11'),
(54, 'PAL ROBIN RAMCHANDRA', 'E201821518954', 3, 36, 4, 42, 6, 14, 146, '2020-06-20 13:56:11'),
(55, 'PANDA BALRAM PANCHANAN', 'E201821518955', 3, 56, 34, 68, 70, 32, 156, '2020-06-20 13:56:11'),
(56, 'PANDE SANDESH SUBHASH', 'E201821518956', 3, 36, 12, 44, 0, 22, 144, '2020-06-20 13:56:11'),
(57, 'PANDEY DEVENDRA SHESHNATH', 'E201821518957', 3, 42, 30, 72, 38, 8, 142, '2020-06-20 13:56:11'),
(58, 'PARATE RUPALI PRAKASHBHAI', 'E201821518958', 3, 72, 36, 62, 66, 20, 156, '2020-06-20 13:56:11'),
(59, 'PARIHAR DIKESH GANPAT LAL', 'E201821518959', 4, 42, 20, 44, 34, 14, 156, '2020-06-20 13:56:11'),
(60, 'PARJAPATI ZALARAM LAKHABHAI', 'E201821518960', 4, 52, 26, 70, 36, 14, 166, '2020-06-20 13:56:11'),
(61, 'PATEL ABHISHEK AVADHESH', 'E201821518961', 4, 46, 30, 58, 80, 46, 154, '2020-06-20 13:56:12'),
(62, 'PATEL CHIRAG HITESHKUMAR', 'E201821518962', 4, 72, 40, 72, 76, 44, 186, '2020-06-20 13:56:12'),
(63, 'PATEL HETAL TARUNBHAI', 'E201821518963', 4, 52, 36, 64, 54, 30, 142, '2020-06-20 13:56:12'),
(64, 'PATEL NIRAJ CHANDRESH', 'E201821518964', 4, 44, 6, 22, 26, 20, 134, '2020-06-20 13:56:12'),
(65, 'PATEL SHIVAM RAJESHBHAI', 'E201821518965', 4, 40, 2, 22, 6, 14, 160, '2020-06-20 13:56:12'),
(66, 'PATHAK ASHISHKUMAR SANTOSH', 'E201821518966', 4, 56, 22, 56, 68, 34, 172, '2020-06-20 13:56:12'),
(67, 'PATHAK PRASHANT OMPRAKASH', 'E201821518967', 4, 40, 22, 46, 68, 26, 148, '2020-06-20 13:56:12'),
(68, 'PATIL AKSHADA SANJAY', 'E201821518968', 4, 50, 30, 72, 68, 26, 162, '2020-06-20 13:56:12'),
(69, 'PATIL BHAVESH SUNDARLAL', 'E201821518969', 4, 56, 34, 76, 58, 32, 178, '2020-06-20 13:56:12'),
(70, 'PATIL CHIRAG ROHIDAS', 'E201821518970', 4, 90, 42, 82, 90, 54, 188, '2020-06-20 13:56:12'),
(71, 'PATIL RAHUL SANJAY', 'E201821518971', 4, 66, 18, 62, 46, 36, 160, '2020-06-20 13:56:12'),
(72, 'PATIL SAGAR RAVINDRA', 'E201821518972', 4, 54, 20, 38, 48, 14, 142, '2020-06-20 13:56:12'),
(73, 'PATOLIYA AVIRAT NATVARLAL', 'E201821518973', 4, 60, 20, 66, 42, 28, 178, '2020-06-20 13:56:12'),
(74, 'PATRA LALA PRADEEP', 'E201821518974', 4, 38, 20, 46, 36, 14, 150, '2020-06-20 13:56:12'),
(75, 'PAWAR PRADIP BAPU', 'E201821518975', 4, 74, 46, 88, 82, 60, 198, '2020-06-20 13:56:12'),
(76, 'PAWAR PRIYANKA BABUBHAI', 'E201821518976', 4, 50, 26, 56, 40, 34, 174, '2020-06-20 13:56:12'),
(77, 'PINJARA ASHIF ARIFBHAI', 'E201821518977', 4, 54, 38, 72, 42, 16, 148, '2020-06-20 13:56:12'),
(78, 'PINJARI HANIF IMAM', 'E201821518978', 3, 58, 20, 50, 54, 32, 146, '2020-06-20 13:56:12'),
(79, 'PRAJAPATI RAVINDRA RAM KUNWAR', 'E201821518979', 3, 28, 20, 30, 22, 6, 150, '2020-06-20 13:56:12'),
(80, 'PRUSTY ALIPA DEBARAJ', 'E201821518980', 3, 64, 54, 78, 74, 36, 170, '2020-06-20 13:56:12'),
(81, 'PURAWALA YASHARMEHDI HAJINISHAR', 'E201821518981', 3, 60, 38, 66, 68, 38, 184, '2020-06-20 13:56:12'),
(82, 'PUVAR RAJDEEP AJITSINH', 'E201821518982', 3, 36, 2, 26, 22, 8, 130, '2020-06-20 13:56:12'),
(83, 'RAJPOOT DURGA SOHANSINGH', 'E201821518983', 3, 70, 38, 52, 72, 30, 152, '2020-06-20 13:56:12'),
(84, 'RAJPUT AMAN TRIPURARI', 'E201821518984', 3, 52, 26, 78, 26, 14, 194, '2020-06-20 13:56:12'),
(85, 'RAJPUT RAHUL DHIRENDRA', 'E201821518985', 3, 50, 18, 68, 40, 28, 172, '2020-06-20 13:56:12'),
(86, 'RATHAUR HEMANTKUMAR BALVEER', 'E201821518986', 3, 54, 34, 82, 82, 12, 156, '2020-06-20 13:56:12'),
(87, 'RAY ROHIT VIJAY', 'E201821518987', 3, 58, 28, 72, 70, 36, 162, '2020-06-20 13:56:12'),
(88, 'SALVI RADHIKA RAMESHBHAI', 'E201821518988', 3, 66, 36, 68, 82, 32, 170, '2020-06-20 13:56:12'),
(89, 'SAVALIYA DIPALI PARESHBHAI', 'E201821518989', 3, 58, 50, 54, 68, 42, 158, '2020-06-20 13:56:12'),
(90, 'SAVITA PRATIBHA DHANANJAY', 'E201821518990', 3, 40, 8, 62, 36, 42, 150, '2020-06-20 13:56:12'),
(91, 'SHAH SAGAR JITENDRA', 'E201821518991', 3, 90, 38, 78, 48, 56, 182, '2020-06-20 13:56:12'),
(92, 'SHAHADE PRIYA RAJESH', 'E201821518992', 3, 0, 0, 0, 0, 0, 0, '2020-06-20 13:56:12'),
(93, 'SHAIKH FAIZANE NOOR IKRAMUL HAQUE', 'E201821518993', 3, 36, 10, 52, 34, 8, 164, '2020-06-20 13:56:12'),
(94, 'SHAIKH SOHEB GULAM', 'E201821518994', 3, 48, 18, 34, 22, 8, 144, '2020-06-20 13:56:13'),
(95, 'SHARMA AADITYA AJAYBHAI', 'E201821518995', 3, 52, 30, 62, 30, 6, 174, '2020-06-20 13:56:13'),
(96, 'SHEKH IRFAN SHAUKAT ALI', 'E201821518996', 4, 0, 0, 0, 0, 0, 0, '2020-06-20 13:56:13'),
(97, 'SHIMPI ANJALI RAMESH', 'E201821518997', 4, 64, 18, 60, 56, 32, 164, '2020-06-20 13:56:13'),
(98, 'SHUKLA DHANANJAY OMPRAKASH', 'E201821518998', 4, 40, 28, 68, 64, 44, 182, '2020-06-20 13:56:13'),
(99, 'SINGH ABHISHEKKUMAR RAMBHUWAN', 'E201821518999', 4, 46, 36, 60, 60, 20, 156, '2020-06-20 13:56:13'),
(100, 'SINGH DEEPAK ARJUN', 'E201821519000', 4, 0, 0, 0, 0, 0, 0, '2020-06-20 13:56:13'),
(101, 'SINGH KUNALKUMAR SHREE SATYENDRA', 'E201821519001', 4, 36, 8, 38, 36, 8, 144, '2020-06-20 13:56:13'),
(102, 'SINGH SHRADDHA SHREE MAHENDRAPRATAP', 'E201821519002', 4, 64, 40, 68, 60, 36, 156, '2020-06-20 13:56:13'),
(103, 'SINGH SHUBHAM KUMAR RAJESH KUMAR', 'E201821519003', 4, 56, 20, 60, 40, 28, 146, '2020-06-20 13:56:13'),
(104, 'SOMANI DHIRAJ SURESH', 'E201821519004', 4, 66, 20, 80, 80, 46, 182, '2020-06-20 13:56:13'),
(105, 'SONAWANE TEJAL RAVINDRA', 'E201821519005', 4, 48, 34, 52, 46, 14, 150, '2020-06-20 13:56:13'),
(106, 'SONAWANE TUSHAR SANJAYBHAI', 'E201821519006', 4, 44, 0, 48, 20, 12, 144, '2020-06-20 13:56:13'),
(107, 'SURYAWANSHI MITALEE ARUNBHAI', 'E201821519007', 4, 56, 62, 68, 78, 36, 182, '2020-06-20 13:56:13'),
(108, 'SUTHAR NARAYAN KESHAV', 'E201821519008', 4, 38, 14, 48, 58, 30, 172, '2020-06-20 13:56:13'),
(109, 'SWAIN BIBHUTI GOBINDA', 'E201821519009', 4, 84, 70, 82, 90, 60, 198, '2020-06-20 13:56:13'),
(110, 'THAKUR VIVEK JOGANAND', 'E201821519010', 4, 66, 44, 76, 72, 24, 166, '2020-06-20 13:56:13'),
(111, 'THUMAR DISHA BHARATKUMAR', 'E201821519011', 4, 44, 40, 58, 42, 26, 160, '2020-06-20 13:56:13'),
(112, 'TIWARI ADARSH UMASHANKAR', 'E201821519012', 4, 0, 0, 0, 0, 0, 0, '2020-06-20 13:56:13'),
(113, 'UPADHYAY GAURAV RAJKUMAR', 'E201821519013', 4, 44, 6, 40, 40, 6, 142, '2020-06-20 13:56:13'),
(114, 'UPADHYAY RAJANIKANT KUMAR BALIRAM', 'E201821519014', 3, 50, 18, 54, 80, 54, 172, '2020-06-20 13:56:13'),
(115, 'UPADHYAY RATNESH AJAY', 'E201821519015', 3, 70, 36, 74, 68, 62, 164, '2020-06-20 13:56:13'),
(116, 'VAGHELA MINESH RANJITBHAI', 'E201821519016', 3, 50, 22, 52, 0, 32, 144, '2020-06-20 13:56:13'),
(117, 'VARADE GNANESHWAR DIPAKBHAI', 'E201821519017', 3, 66, 36, 72, 44, 24, 146, '2020-06-20 13:56:13'),
(118, 'VISHWAKARMA AKASH DHARAMDEV', 'E201821519018', 3, 46, 26, 64, 70, 18, 180, '2020-06-20 13:56:13'),
(119, 'VISHWAKARMA SARASWATI SHREE HARIOM', 'E201821519019', 3, 42, 26, 50, 42, 22, 162, '2020-06-20 13:56:13'),
(120, 'VISHWAKARMA SHAILESH RAMKRUPAL', 'E201821519020', 3, 44, 16, 48, 16, 4, 162, '2020-06-20 13:56:13'),
(121, 'YADAV AJAY JUNGILAL', 'E201821519021', 3, 54, 20, 58, 42, 26, 150, '2020-06-20 13:56:13'),
(122, 'YADAV SATEESH RMA SHANKAR', 'E201821519022', 3, 26, 0, 36, 22, 4, 138, '2020-06-20 13:56:13'),
(123, 'DALWADI RAJ', 'E201821519023', 3, 16, 18, 38, 22, 12, 136, '2020-06-20 13:56:13'),
(124, 'CHAUDHARI SAURABH SANJAYBHAI', 'E201821519024', 3, 40, 18, 42, 30, 22, 148, '2020-06-20 13:56:13'),
(125, 'NAYAK YAGYANSENI', 'E201821519025', 3, 0, 0, 0, 0, 0, 0, '2020-06-20 13:56:14'),
(126, 'GUPTA LAXMI HARIDAYRAM', 'E201821519026', 3, 0, 0, 0, 0, 0, 0, '2020-06-20 13:56:14'),
(127, 'NAIR VARUN BALAKRISHNAN', 'E201821519027', 3, 66, 12, 32, 0, 0, 140, '2020-06-20 13:56:14');

-- --------------------------------------------------------

--
-- Table structure for table `subject`
--

CREATE TABLE `subject` (
  `semester` int(11) NOT NULL,
  `sub1` varchar(50) NOT NULL,
  `sub2` varchar(50) NOT NULL,
  `sub3` varchar(50) NOT NULL,
  `sub4` varchar(50) NOT NULL,
  `sub5` varchar(50) DEFAULT NULL,
  `sub6` varchar(50) DEFAULT NULL
) ENGINE=InnoDB DEFAULT CHARSET=utf8mb4;

--
-- Dumping data for table `subject`
--

INSERT INTO `subject` (`semester`, `sub1`, `sub2`, `sub3`, `sub4`, `sub5`, `sub6`) VALUES
(1, 'Communication Skills', 'Mathematics', 'Introduction to Computers', 'CPPM', 'Office Automation Tools', 'Practical'),
(2, 'Organization Structure Behaviour', 'ETA', 'Operating System 1', 'Advanced C Programming', 'Database Management System', 'Practical'),
(3, 'Statistical Methods', 'Software Engineering 1', 'Relational Database Management System', 'Data Structures', 'Object Oriented Programming', 'Practical'),
(4, 'Information System', 'Software Engineering 2', 'Java Programming', '.NET Programming', 'Web Designing', 'Practical'),
(5, 'PHP & MySQL', 'UNIX & Shell Programming', 'Network Technologies', 'Operating System 2', 'ASP.NET', 'Practical'),
(6, 'Computer Graphics', 'e-Commerce & Cyber Security', 'Project', 'Seminar on IT Innovations & Trends', '-', '-');

-- --------------------------------------------------------

--
-- Table structure for table `third_year`
--

CREATE TABLE `third_year` (
  `roll_no` int(11) NOT NULL,
  `st_name` varchar(50) NOT NULL,
  `enrollment_no` varchar(20) DEFAULT NULL,
  `semester` int(11) NOT NULL DEFAULT 5,
  `sub1` int(11) NOT NULL DEFAULT 0,
  `sub2` int(11) NOT NULL DEFAULT 0,
  `sub3` int(11) NOT NULL DEFAULT 0,
  `sub4` int(11) NOT NULL DEFAULT 0,
  `sub5` int(11) NOT NULL DEFAULT 0,
  `sub6` int(11) NOT NULL DEFAULT 0,
  `date` datetime DEFAULT current_timestamp()
) ENGINE=InnoDB DEFAULT CHARSET=utf8mb4;

--
-- Dumping data for table `third_year`
--

INSERT INTO `third_year` (`roll_no`, `st_name`, `enrollment_no`, `semester`, `sub1`, `sub2`, `sub3`, `sub4`, `sub5`, `sub6`, `date`) VALUES
(1, '. STANLY MATHUKUTTY', 'E201821518901', 5, 48, 18, 58, 38, 22, 130, '2020-06-20 14:00:58'),
(2, 'ANKAM SNEHALATA SRINIVAS', 'E201821518902', 5, 68, 48, 70, 82, 52, 152, '2020-06-20 14:00:58'),
(3, 'ANURAGI SUNIL KAMLESH', 'E201821518903', 5, 88, 72, 76, 94, 76, 184, '2020-06-20 14:00:58'),
(4, 'BAYAS AJITSINGH RAMESHSINGH', 'E201821518904', 5, 0, 0, 0, 0, 0, 0, '2020-06-20 14:00:58'),
(5, 'BHAMARE YOGESHWARI HITENDRA', 'E201821518905', 5, 40, 8, 42, 60, 6, 152, '2020-06-20 14:00:58'),
(6, 'BHUYAN REEMA SANTOSH', 'E201821518906', 5, 54, 44, 74, 68, 26, 162, '2020-06-20 14:00:58'),
(7, 'BIND KISHAN ABHAY NATH', 'E201821518907', 5, 38, 20, 34, 22, 14, 130, '2020-06-20 14:00:58'),
(8, 'CHAUHAN GAURAV JAYRAM', 'E201821518908', 5, 0, 0, 0, 0, 0, 0, '2020-06-20 14:00:58'),
(9, 'CHAUHAN VAIDANT SINGH OM SINGH', 'E201821518909', 5, 44, 10, 48, 30, 2, 150, '2020-06-20 14:00:58'),
(10, 'Choudhary NASEEM ATIQURRAHMAN', 'E201821518910', 5, 0, 0, 0, 0, 0, 0, '2020-06-20 14:00:59'),
(11, 'DIXIT AISHWARYA PRAKASHBHAI', 'E201821518911', 5, 72, 44, 78, 84, 36, 160, '2020-06-20 14:00:59'),
(12, 'DORA E. JAGADISH NALURAM', 'E201821518912', 5, 36, 0, 14, 0, 2, 136, '2020-06-20 14:00:59'),
(13, 'DUBEY AYUSH MITHILESH', 'E201821518913', 5, 62, 58, 76, 72, 42, 164, '2020-06-20 14:00:59'),
(14, 'GOSWAMI JAYA VINOD', 'E201821518914', 5, 70, 18, 70, 56, 44, 158, '2020-06-20 14:00:59'),
(15, 'GUPTA SHUBHAM SUBHASHCHANDRA', 'E201821518915', 5, 74, 38, 74, 70, 26, 184, '2020-06-20 14:00:59'),
(16, 'GUPTA SURAJ JWALAPRASAD', 'E201821518916', 5, 0, 0, 0, 0, 0, 0, '2020-06-20 14:00:59'),
(17, 'GUPTA VINAY ARVIND', 'E201821518917', 5, 52, 12, 34, 20, 20, 142, '2020-06-20 14:00:59'),
(18, 'HARIJAN SHRUTI LALMUNI', 'E201821518918', 5, 70, 24, 54, 48, 28, 140, '2020-06-20 14:00:59'),
(19, 'JAGTAP SANDIP NARAYAN', 'E201821518919', 5, 40, 16, 44, 38, 20, 158, '2020-06-20 14:00:59'),
(20, 'JAISWAL CHANCHAL PRAMOD KUMAR', 'E201821518920', 5, 50, 18, 58, 48, 22, 132, '2020-06-20 14:00:59'),
(21, 'JENA PINTU DHOBA', 'E201821518921', 5, 72, 34, 86, 50, 44, 152, '2020-06-20 14:00:59'),
(22, 'JOGI MANSI ANILBHAI', 'E201821518922', 5, 58, 44, 74, 54, 36, 140, '2020-06-20 14:00:59'),
(23, 'KALAL RAKESH BANSILAL', 'E201821518923', 5, 0, 0, 0, 0, 0, 0, '2020-06-20 14:00:59'),
(24, 'KALOUJIYA SACHIN RAMBADAN', 'E201821518924', 5, 70, 36, 70, 82, 44, 180, '2020-06-20 14:00:59'),
(25, 'KATIYARE HARSHADA KARTIKBHAI', 'E201821518925', 5, 0, 0, 0, 0, 0, 0, '2020-06-20 14:00:59'),
(26, 'KATYARE VIBHUTI PRASHANT', 'E201821518926', 5, 0, 0, 0, 0, 0, 0, '2020-06-20 14:00:59'),
(27, 'KHAIRNAR MAHESH RAMCHANDRA', 'E201821518927', 5, 54, 44, 70, 66, 58, 168, '2020-06-20 14:00:59'),
(28, 'KHATIK NITESH DEVNARAYAN', 'E201821518928', 5, 72, 16, 66, 78, 50, 180, '2020-06-20 14:00:59'),
(29, 'KHEDKAR DIVYA RAMAN', 'E201821518929', 5, 78, 66, 74, 84, 56, 176, '2020-06-20 14:00:59'),
(30, 'KHUNT PIYUSH MAHESHBHAI', 'E201821518930', 5, 50, 20, 36, 14, 22, 160, '2020-06-20 14:00:59'),
(31, 'KUSHWAHA JAYMANTI SUNILKUMAR', 'E201821518931', 5, 92, 82, 76, 96, 74, 180, '2020-06-20 14:00:59'),
(32, 'KUSHWAHA NIKHILBABU DIWARILAL', 'E201821518932', 5, 0, 0, 0, 0, 0, 80, '2020-06-20 14:00:59'),
(33, 'MANDVIWALA MIHIR SHAILESHKUMAR', 'E201821518933', 5, 64, 48, 56, 60, 32, 192, '2020-06-20 14:00:59'),
(34, 'MANSURI AMAN ALTAF', 'E201821518934', 5, 88, 44, 76, 78, 54, 178, '2020-06-20 14:00:59'),
(35, 'MAURYA ANKITKUMAR DINESHKUMAR', 'E201821518935', 5, 54, 6, 42, 40, 22, 154, '2020-06-20 14:00:59'),
(36, 'MAURYA LAVKUSH RAMAYAN', 'E201821518936', 5, 60, 26, 42, 44, 20, 138, '2020-06-20 14:00:59'),
(37, 'MAURYA POOJA SUNIL', 'E201821518937', 5, 88, 52, 78, 78, 68, 180, '2020-06-20 14:00:59'),
(38, 'MAURYA RAHULKUMAR AVADHLAL', 'E201821518938', 5, 76, 26, 64, 70, 36, 168, '2020-06-20 14:00:59'),
(39, 'MAURYA RAJKUMAR DAYARAM', 'E201821518939', 5, 74, 24, 62, 56, 24, 144, '2020-06-20 14:00:59'),
(40, 'MAURYA SADHANA RAM ASARE', 'E201821518940', 5, 44, 32, 72, 60, 30, 156, '2020-06-20 14:00:59'),
(41, 'MISHRA ARUN ISHWARSHARAN', 'E201821518941', 5, 36, 8, 50, 42, 18, 144, '2020-06-20 14:00:59'),
(42, 'MISHRA BRIJENDRA PRAVEEN', 'E201821518942', 5, 74, 36, 82, 78, 44, 180, '2020-06-20 14:00:59'),
(43, 'MISHRA JAGRITI JITENDRA', 'E201821518943', 5, 66, 38, 72, 68, 40, 170, '2020-06-20 14:00:59'),
(44, 'MISHRA MAYANK MANOJ', 'E201821518944', 5, 40, 12, 42, 20, 18, 144, '2020-06-20 14:01:00'),
(45, 'MISHRA NEERAJ RAKESH', 'E201821518945', 5, 82, 36, 76, 80, 56, 164, '2020-06-20 14:01:00'),
(46, 'MISHRA RISHABH DURGESH', 'E201821518946', 5, 36, 22, 52, 46, 26, 144, '2020-06-20 14:01:00'),
(47, 'MISHRA SAURABH SURESH', 'E201821518947', 5, 56, 12, 38, 36, 18, 140, '2020-06-20 14:01:00'),
(48, 'NADGE VIPUL BHASKAR', 'E201821518948', 5, 42, 32, 78, 58, 52, 176, '2020-06-20 14:01:00'),
(49, 'NAYAK AJAY RAMCHANDRA', 'E201821518949', 5, 76, 40, 60, 56, 34, 134, '2020-06-20 14:01:00'),
(50, 'NAYI JAY SANJAY', 'E201821518950', 5, 52, 18, 54, 28, 20, 150, '2020-06-20 14:01:00'),
(51, 'NIKUM PRIYANKA SANJAY', 'E201821518951', 5, 0, 0, 0, 0, 0, 0, '2020-06-20 14:01:00'),
(52, 'NILE YOGESH DATTU', 'E201821518952', 5, 52, 16, 72, 80, 34, 188, '2020-06-20 14:01:00'),
(53, 'PAL RAVIKUMAR DEVENDRA', 'E201821518953', 5, 36, 10, 44, 26, 18, 162, '2020-06-20 14:01:00'),
(54, 'PAL ROBIN RAMCHANDRA', 'E201821518954', 5, 36, 4, 42, 6, 14, 146, '2020-06-20 14:01:00'),
(55, 'PANDA BALRAM PANCHANAN', 'E201821518955', 5, 56, 34, 68, 70, 32, 156, '2020-06-20 14:01:00'),
(56, 'PANDE SANDESH SUBHASH', 'E201821518956', 5, 36, 12, 44, 0, 22, 144, '2020-06-20 14:01:00'),
(57, 'PANDEY DEVENDRA SHESHNATH', 'E201821518957', 5, 42, 30, 72, 38, 8, 142, '2020-06-20 14:01:00'),
(58, 'PARATE RUPALI PRAKASHBHAI', 'E201821518958', 5, 72, 36, 62, 66, 20, 156, '2020-06-20 14:01:00'),
(59, 'PARIHAR DIKESH GANPAT LAL', 'E201821518959', 5, 42, 20, 44, 34, 14, 156, '2020-06-20 14:01:00'),
(60, 'PARJAPATI ZALARAM LAKHABHAI', 'E201821518960', 5, 52, 26, 70, 36, 14, 166, '2020-06-20 14:01:00'),
(61, 'PATEL ABHISHEK AVADHESH', 'E201821518961', 5, 46, 30, 58, 80, 46, 154, '2020-06-20 14:01:00'),
(62, 'PATEL CHIRAG HITESHKUMAR', 'E201821518962', 5, 72, 40, 72, 76, 44, 186, '2020-06-20 14:01:00'),
(63, 'PATEL HETAL TARUNBHAI', 'E201821518963', 5, 52, 36, 64, 54, 30, 142, '2020-06-20 14:01:00'),
(64, 'PATEL NIRAJ CHANDRESH', 'E201821518964', 5, 44, 6, 22, 26, 20, 134, '2020-06-20 14:01:00'),
(65, 'PATEL SHIVAM RAJESHBHAI', 'E201821518965', 5, 40, 2, 22, 6, 14, 160, '2020-06-20 14:01:00'),
(66, 'PATHAK ASHISHKUMAR SANTOSH', 'E201821518966', 5, 56, 22, 56, 68, 34, 172, '2020-06-20 14:01:00'),
(67, 'PATHAK PRASHANT OMPRAKASH', 'E201821518967', 5, 40, 22, 46, 68, 26, 148, '2020-06-20 14:01:00'),
(68, 'PATIL AKSHADA SANJAY', 'E201821518968', 5, 50, 30, 72, 68, 26, 162, '2020-06-20 14:01:00'),
(69, 'PATIL BHAVESH SUNDARLAL', 'E201821518969', 5, 56, 34, 76, 58, 32, 178, '2020-06-20 14:01:00'),
(70, 'PATIL CHIRAG ROHIDAS', 'E201821518970', 5, 90, 42, 82, 90, 54, 188, '2020-06-20 14:01:00'),
(71, 'PATIL RAHUL SANJAY', 'E201821518971', 5, 66, 18, 62, 46, 36, 160, '2020-06-20 14:01:00'),
(72, 'PATIL SAGAR RAVINDRA', 'E201821518972', 5, 54, 20, 38, 48, 14, 142, '2020-06-20 14:01:00'),
(73, 'PATOLIYA AVIRAT NATVARLAL', 'E201821518973', 5, 60, 20, 66, 42, 28, 178, '2020-06-20 14:01:00'),
(74, 'PATRA LALA PRADEEP', 'E201821518974', 5, 38, 20, 46, 36, 14, 150, '2020-06-20 14:01:00'),
(75, 'PAWAR PRADIP BAPU', 'E201821518975', 5, 74, 46, 88, 82, 60, 198, '2020-06-20 14:01:00'),
(76, 'PAWAR PRIYANKA BABUBHAI', 'E201821518976', 5, 50, 26, 56, 40, 34, 174, '2020-06-20 14:01:00'),
(77, 'PINJARA ASHIF ARIFBHAI', 'E201821518977', 5, 54, 38, 72, 42, 16, 148, '2020-06-20 14:01:00'),
(78, 'PINJARI HANIF IMAM', 'E201821518978', 5, 58, 20, 50, 54, 32, 146, '2020-06-20 14:01:01'),
(79, 'PRAJAPATI RAVINDRA RAM KUNWAR', 'E201821518979', 5, 28, 20, 30, 22, 6, 150, '2020-06-20 14:01:01'),
(80, 'PRUSTY ALIPA DEBARAJ', 'E201821518980', 5, 64, 54, 78, 74, 36, 170, '2020-06-20 14:01:01'),
(81, 'PURAWALA YASHARMEHDI HAJINISHAR', 'E201821518981', 5, 60, 38, 66, 68, 38, 184, '2020-06-20 14:01:01'),
(82, 'PUVAR RAJDEEP AJITSINH', 'E201821518982', 5, 36, 2, 26, 22, 8, 130, '2020-06-20 14:01:01'),
(83, 'RAJPOOT DURGA SOHANSINGH', 'E201821518983', 5, 70, 38, 52, 72, 30, 152, '2020-06-20 14:01:01'),
(84, 'RAJPUT AMAN TRIPURARI', 'E201821518984', 5, 52, 26, 78, 26, 14, 194, '2020-06-20 14:01:01'),
(85, 'RAJPUT RAHUL DHIRENDRA', 'E201821518985', 5, 50, 18, 68, 40, 28, 172, '2020-06-20 14:01:01'),
(86, 'RATHAUR HEMANTKUMAR BALVEER', 'E201821518986', 5, 54, 34, 82, 82, 12, 156, '2020-06-20 14:01:01'),
(87, 'RAY ROHIT VIJAY', 'E201821518987', 5, 58, 28, 72, 70, 36, 162, '2020-06-20 14:01:01'),
(88, 'SALVI RADHIKA RAMESHBHAI', 'E201821518988', 5, 66, 36, 68, 82, 32, 170, '2020-06-20 14:01:01'),
(89, 'SAVALIYA DIPALI PARESHBHAI', 'E201821518989', 5, 58, 50, 54, 68, 42, 158, '2020-06-20 14:01:01'),
(90, 'SAVITA PRATIBHA DHANANJAY', 'E201821518990', 5, 40, 8, 62, 36, 42, 150, '2020-06-20 14:01:01'),
(91, 'SHAH SAGAR JITENDRA', 'E201821518991', 5, 90, 38, 78, 48, 56, 182, '2020-06-20 14:01:01'),
(92, 'SHAHADE PRIYA RAJESH', 'E201821518992', 5, 0, 0, 0, 0, 0, 0, '2020-06-20 14:01:01'),
(93, 'SHAIKH FAIZANE NOOR IKRAMUL HAQUE', 'E201821518993', 5, 36, 10, 52, 34, 8, 164, '2020-06-20 14:01:01'),
(94, 'SHAIKH SOHEB GULAM', 'E201821518994', 5, 48, 18, 34, 22, 8, 144, '2020-06-20 14:01:01'),
(95, 'SHARMA AADITYA AJAYBHAI', 'E201821518995', 5, 52, 30, 62, 30, 6, 174, '2020-06-20 14:01:01'),
(96, 'SHEKH IRFAN SHAUKAT ALI', 'E201821518996', 5, 0, 0, 0, 0, 0, 0, '2020-06-20 14:01:01'),
(97, 'SHIMPI ANJALI RAMESH', 'E201821518997', 5, 64, 18, 60, 56, 32, 164, '2020-06-20 14:01:01'),
(98, 'SHUKLA DHANANJAY OMPRAKASH', 'E201821518998', 5, 40, 28, 68, 64, 44, 182, '2020-06-20 14:01:01'),
(99, 'SINGH ABHISHEKKUMAR RAMBHUWAN', 'E201821518999', 5, 46, 36, 60, 60, 20, 156, '2020-06-20 14:01:01'),
(100, 'SINGH DEEPAK ARJUN', 'E201821519000', 5, 0, 0, 0, 0, 0, 0, '2020-06-20 14:01:01'),
(101, 'SINGH KUNALKUMAR SHREE SATYENDRA', 'E201821519001', 5, 36, 8, 38, 36, 8, 144, '2020-06-20 14:01:01'),
(102, 'SINGH SHRADDHA SHREE MAHENDRAPRATAP', 'E201821519002', 5, 64, 40, 68, 60, 36, 156, '2020-06-20 14:01:01'),
(103, 'SINGH SHUBHAM KUMAR RAJESH KUMAR', 'E201821519003', 5, 56, 20, 60, 40, 28, 146, '2020-06-20 14:01:01'),
(104, 'SOMANI DHIRAJ SURESH', 'E201821519004', 5, 66, 20, 80, 80, 46, 182, '2020-06-20 14:01:01'),
(105, 'SONAWANE TEJAL RAVINDRA', 'E201821519005', 5, 48, 34, 52, 46, 14, 150, '2020-06-20 14:01:01'),
(106, 'SONAWANE TUSHAR SANJAYBHAI', 'E201821519006', 5, 44, 0, 48, 20, 12, 144, '2020-06-20 14:01:01'),
(107, 'SURYAWANSHI MITALEE ARUNBHAI', 'E201821519007', 5, 56, 62, 68, 78, 36, 182, '2020-06-20 14:01:01'),
(108, 'SUTHAR NARAYAN KESHAV', 'E201821519008', 5, 38, 14, 48, 58, 30, 172, '2020-06-20 14:01:01'),
(109, 'SWAIN BIBHUTI GOBINDA', 'E201821519009', 5, 84, 70, 82, 90, 60, 198, '2020-06-20 14:01:01'),
(110, 'THAKUR VIVEK JOGANAND', 'E201821519010', 5, 66, 44, 76, 72, 24, 166, '2020-06-20 14:01:01'),
(111, 'THUMAR DISHA BHARATKUMAR', 'E201821519011', 5, 44, 40, 58, 42, 26, 160, '2020-06-20 14:01:01'),
(112, 'TIWARI ADARSH UMASHANKAR', 'E201821519012', 5, 0, 0, 0, 0, 0, 0, '2020-06-20 14:01:01'),
(113, 'UPADHYAY GAURAV RAJKUMAR', 'E201821519013', 5, 44, 6, 40, 40, 6, 142, '2020-06-20 14:01:01'),
(114, 'UPADHYAY RAJANIKANT KUMAR BALIRAM', 'E201821519014', 5, 50, 18, 54, 80, 54, 172, '2020-06-20 14:01:02'),
(115, 'UPADHYAY RATNESH AJAY', 'E201821519015', 5, 70, 36, 74, 68, 62, 164, '2020-06-20 14:01:02'),
(116, 'VAGHELA MINESH RANJITBHAI', 'E201821519016', 5, 50, 22, 52, 0, 32, 144, '2020-06-20 14:01:02'),
(117, 'VARADE GNANESHWAR DIPAKBHAI', 'E201821519017', 5, 66, 36, 72, 44, 24, 146, '2020-06-20 14:01:02'),
(118, 'VISHWAKARMA AKASH DHARAMDEV', 'E201821519018', 5, 46, 26, 64, 70, 18, 180, '2020-06-20 14:01:02'),
(119, 'VISHWAKARMA SARASWATI SHREE HARIOM', 'E201821519019', 5, 42, 26, 50, 42, 22, 162, '2020-06-20 14:01:02'),
(120, 'VISHWAKARMA SHAILESH RAMKRUPAL', 'E201821519020', 5, 44, 16, 48, 16, 4, 162, '2020-06-20 14:01:02'),
(121, 'YADAV AJAY JUNGILAL', 'E201821519021', 5, 54, 20, 58, 42, 26, 150, '2020-06-20 14:01:02'),
(122, 'YADAV SATEESH RMA SHANKAR', 'E201821519022', 5, 26, 0, 36, 22, 4, 138, '2020-06-20 14:01:02'),
(123, 'DALWADI RAJ', 'E201821519023', 5, 16, 18, 38, 22, 12, 136, '2020-06-20 14:01:02'),
(124, 'CHAUDHARI SAURABH SANJAYBHAI', 'E201821519024', 5, 40, 18, 42, 30, 22, 148, '2020-06-20 14:01:02'),
(125, 'NAYAK YAGYANSENI', 'E201821519025', 5, 0, 0, 0, 0, 0, 0, '2020-06-20 14:01:02'),
(126, 'GUPTA LAXMI HARIDAYRAM', 'E201821519026', 5, 0, 0, 0, 0, 0, 0, '2020-06-20 14:01:02'),
(127, 'NAIR VARUN BALAKRISHNAN', 'E201821519027', 5, 66, 12, 32, 0, 0, 140, '2020-06-20 14:01:02');

--
-- Indexes for dumped tables
--

--
-- Indexes for table `admin`
--
ALTER TABLE `admin`
  ADD PRIMARY KEY (`username`);

--
-- Indexes for table `first_year`
--
ALTER TABLE `first_year`
  ADD PRIMARY KEY (`roll_no`);

--
-- Indexes for table `second_year`
--
ALTER TABLE `second_year`
  ADD PRIMARY KEY (`roll_no`);

--
-- Indexes for table `subject`
--
ALTER TABLE `subject`
  ADD PRIMARY KEY (`semester`);

--
-- Indexes for table `third_year`
--
ALTER TABLE `third_year`
  ADD PRIMARY KEY (`roll_no`);
COMMIT;

/*!40101 SET CHARACTER_SET_CLIENT=@OLD_CHARACTER_SET_CLIENT */;
/*!40101 SET CHARACTER_SET_RESULTS=@OLD_CHARACTER_SET_RESULTS */;
/*!40101 SET COLLATION_CONNECTION=@OLD_COLLATION_CONNECTION */;
